Skill,CourseName,Platform,Link,CourseLevel,DurationHours,Cost,CertificationAvailable,Rating,ReviewCount
Python,Python Mastery with Coursera,Coursera,https://www.coursera.org/search?query=python,Advanced,35,$29,Yes,4.81,51365
Python,Python Mastery with Udemy,Udemy,https://www.udemy.com/courses/search/?q=python,Advanced,16,Free,Yes,4.88,96023
Python,Python Mastery with LinkedIn Learning,LinkedIn Learning,https://www.linkedin.com/learning/search?keywords=python,Advanced,23,$29,No,4.25,85786
Pandas,Pandas Mastery with Coursera,Coursera,https://www.coursera.org/search?query=pandas,Intermediate,11,$49,Yes,3.81,2631
Pandas,Pandas Mastery with Udemy,Udemy,https://www.udemy.com/courses/search/?q=pandas,Advanced,17,$29,No,4.74,3523
Pandas,Pandas Mastery with LinkedIn Learning,LinkedIn Learning,https://www.linkedin.com/learning/search?keywords=pandas,Advanced,10,$29,Yes,4.09,4446
TensorFlow,TensorFlow Mastery with Coursera,Coursera,https://www.coursera.org/search?query=tensorflow,Advanced,39,$29,Yes,4.69,54520
TensorFlow,TensorFlow Mastery with Udemy,Udemy,https://www.udemy.com/courses/search/?q=tensorflow,Beginner,37,$29,Yes,4.06,48140
TensorFlow,TensorFlow Mastery with LinkedIn Learning,LinkedIn Learning,https://www.linkedin.com/learning/search?keywords=tensorflow,Intermediate,7,$49,No,4.79,87928
Scikit-learn,Scikit-learn Mastery with Coursera,Coursera,https://www.coursera.org/search?query=scikit-learn,Advanced,17,Free,No,4.85,32751
Scikit-learn,Scikit-learn Mastery with Udemy,Udemy,https://www.udemy.com/courses/search/?q=scikit-learn,Beginner,11,$29,No,4.97,17754
Scikit-learn,Scikit-learn Mastery with LinkedIn Learning,LinkedIn Learning,https://www.linkedin.com/learning/search?keywords=scikit-learn,Intermediate,6,$29,Yes,4.09,70036
SQL,SQL Mastery with Coursera,Coursera,https://www.coursera.org/search?query=sql,Advanced,7,Free,Yes,3.87,92870
SQL,SQL Mastery with Udemy,Udemy,https://www.udemy.com/courses/search/?q=sql,Beginner,26,Free,No,4.34,43745
SQL,SQL Mastery with LinkedIn Learning,LinkedIn Learning,https://www.linkedin.com/learning/search?keywords=sql,Advanced,32,$49,No,3.86,12190
Matplotlib,Matplotlib Mastery with Coursera,Coursera,https://www.coursera.org/search?query=matplotlib,Advanced,16,$49,No,4.92,86424
Matplotlib,Matplotlib Mastery with Udemy,Udemy,https://www.udemy.com/courses/search/?q=matplotlib,Beginner,28,Free,No,4.12,74325
Matplotlib,Matplotlib Mastery with LinkedIn Learning,LinkedIn Learning,https://www.linkedin.com/learning/search?keywords=matplotlib,Advanced,12,$29,Yes,4.23,10084
ETL,ETL Mastery with Coursera,Coursera,https://www.coursera.org/search?query=etl,Intermediate,20,$29,No,4.3,8422
ETL,ETL Mastery with Udemy,Udemy,https://www.udemy.com/courses/search/?q=etl,Intermediate,20,Free,No,4.33,40955
ETL,ETL Mastery with LinkedIn Learning,LinkedIn Learning,https://www.linkedin.com/learning/search?keywords=etl,Advanced,32,$29,No,4.48,34748
Apache Spark,Apache Spark Mastery with Coursera,Coursera,https://www.coursera.org/search?query=apache-spark,Beginner,31,$49,Yes,4.19,91132
Apache Spark,Apache Spark Mastery with Udemy,Udemy,https://www.udemy.com/courses/search/?q=apache-spark,Intermediate,7,Free,No,4.9,7895
Apache Spark,Apache Spark Mastery with LinkedIn Learning,LinkedIn Learning,https://www.linkedin.com/learning/search?keywords=apache-spark,Beginner,36,Free,No,4.71,47031
Hadoop,Hadoop Mastery with Coursera,Coursera,https://www.coursera.org/search?query=hadoop,Advanced,26,$49,No,4.68,93356
Hadoop,Hadoop Mastery with Udemy,Udemy,https://www.udemy.com/courses/search/?q=hadoop,Advanced,40,Free,Yes,4.29,69971
Hadoop,Hadoop Mastery with LinkedIn Learning,LinkedIn Learning,https://www.linkedin.com/learning/search?keywords=hadoop,Intermediate,30,$29,Yes,4.38,35590
Airflow,Airflow Mastery with Coursera,Coursera,https://www.coursera.org/search?query=airflow,Beginner,16,$49,Yes,4.4,82435
Airflow,Airflow Mastery with Udemy,Udemy,https://www.udemy.com/courses/search/?q=airflow,Advanced,20,Free,Yes,4.13,70098
Airflow,Airflow Mastery with LinkedIn Learning,LinkedIn Learning,https://www.linkedin.com/learning/search?keywords=airflow,Beginner,5,$29,Yes,3.96,62740
HTML,HTML Mastery with Coursera,Coursera,https://www.coursera.org/search?query=html,Advanced,17,$29,No,4.52,36187
HTML,HTML Mastery with Udemy,Udemy,https://www.udemy.com/courses/search/?q=html,Intermediate,32,$49,Yes,4.48,74147
HTML,HTML Mastery with LinkedIn Learning,LinkedIn Learning,https://www.linkedin.com/learning/search?keywords=html,Advanced,35,$49,No,4.17,70569
CSS,CSS Mastery with Coursera,Coursera,https://www.coursera.org/search?query=css,Beginner,9,Free,Yes,3.89,6766
CSS,CSS Mastery with Udemy,Udemy,https://www.udemy.com/courses/search/?q=css,Advanced,35,$49,Yes,4.24,17415
CSS,CSS Mastery with LinkedIn Learning,LinkedIn Learning,https://www.linkedin.com/learning/search?keywords=css,Beginner,16,Free,Yes,4.73,14302
JavaScript,JavaScript Mastery with Coursera,Coursera,https://www.coursera.org/search?query=javascript,Intermediate,26,Free,Yes,4.9,56819
JavaScript,JavaScript Mastery with Udemy,Udemy,https://www.udemy.com/courses/search/?q=javascript,Intermediate,26,$49,No,4.6,63185
JavaScript,JavaScript Mastery with LinkedIn Learning,LinkedIn Learning,https://www.linkedin.com/learning/search?keywords=javascript,Beginner,17,$49,No,4.87,24463
React,React Mastery with Coursera,Coursera,https://www.coursera.org/search?query=react,Advanced,32,$29,No,4.8,70007
React,React Mastery with Udemy,Udemy,https://www.udemy.com/courses/search/?q=react,Advanced,12,$49,Yes,4.21,74261
React,React Mastery with LinkedIn Learning,LinkedIn Learning,https://www.linkedin.com/learning/search?keywords=react,Advanced,34,Free,No,4.76,545
Redux,Redux Mastery with Coursera,Coursera,https://www.coursera.org/search?query=redux,Advanced,30,$49,Yes,4.69,40745
Redux,Redux Mastery with Udemy,Udemy,https://www.udemy.com/courses/search/?q=redux,Intermediate,34,Free,Yes,4.12,84988
Redux,Redux Mastery with LinkedIn Learning,LinkedIn Learning,https://www.linkedin.com/learning/search?keywords=redux,Beginner,9,$29,No,4.69,5702
TypeScript,TypeScript Mastery with Coursera,Coursera,https://www.coursera.org/search?query=typescript,Intermediate,24,$49,Yes,3.83,71990
TypeScript,TypeScript Mastery with Udemy,Udemy,https://www.udemy.com/courses/search/?q=typescript,Intermediate,26,Free,Yes,4.93,17920
TypeScript,TypeScript Mastery with LinkedIn Learning,LinkedIn Learning,https://www.linkedin.com/learning/search?keywords=typescript,Beginner,17,$49,No,4.92,38922
Java,Java Mastery with Coursera,Coursera,https://www.coursera.org/search?query=java,Advanced,9,$29,No,4.16,90948
Java,Java Mastery with Udemy,Udemy,https://www.udemy.com/courses/search/?q=java,Advanced,38,$29,Yes,3.9,30802
Java,Java Mastery with LinkedIn Learning,LinkedIn Learning,https://www.linkedin.com/learning/search?keywords=java,Intermediate,17,Free,Yes,4.01,80921
Spring Boot,Spring Boot Mastery with Coursera,Coursera,https://www.coursera.org/search?query=spring-boot,Advanced,39,$49,No,4.85,40262
Spring Boot,Spring Boot Mastery with Udemy,Udemy,https://www.udemy.com/courses/search/?q=spring-boot,Beginner,8,$49,Yes,3.87,34719
Spring Boot,Spring Boot Mastery with LinkedIn Learning,LinkedIn Learning,https://www.linkedin.com/learning/search?keywords=spring-boot,Intermediate,13,Free,Yes,4.13,88838
REST APIs,REST APIs Mastery with Coursera,Coursera,https://www.coursera.org/search?query=rest-apis,Advanced,8,Free,No,4.84,94442
REST APIs,REST APIs Mastery with Udemy,Udemy,https://www.udemy.com/courses/search/?q=rest-apis,Intermediate,22,Free,Yes,4.33,65279
REST APIs,REST APIs Mastery with LinkedIn Learning,LinkedIn Learning,https://www.linkedin.com/learning/search?keywords=rest-apis,Intermediate,13,$49,Yes,4.23,67100
Hibernate,Hibernate Mastery with Coursera,Coursera,https://www.coursera.org/search?query=hibernate,Advanced,16,$49,No,4.9,25484
Hibernate,Hibernate Mastery with Udemy,Udemy,https://www.udemy.com/courses/search/?q=hibernate,Advanced,38,Free,Yes,4.58,11169
Hibernate,Hibernate Mastery with LinkedIn Learning,LinkedIn Learning,https://www.linkedin.com/learning/search?keywords=hibernate,Intermediate,33,$29,Yes,4.12,74462
PostgreSQL,PostgreSQL Mastery with Coursera,Coursera,https://www.coursera.org/search?query=postgresql,Advanced,16,Free,Yes,4.91,22440
PostgreSQL,PostgreSQL Mastery with Udemy,Udemy,https://www.udemy.com/courses/search/?q=postgresql,Intermediate,38,$29,Yes,4.72,83601
PostgreSQL,PostgreSQL Mastery with LinkedIn Learning,LinkedIn Learning,https://www.linkedin.com/learning/search?keywords=postgresql,Intermediate,29,$29,No,4.03,69382
Docker,Docker Mastery with Coursera,Coursera,https://www.coursera.org/search?query=docker,Beginner,34,$49,Yes,4.19,60153
Docker,Docker Mastery with Udemy,Udemy,https://www.udemy.com/courses/search/?q=docker,Advanced,29,Free,Yes,4.81,15146
Docker,Docker Mastery with LinkedIn Learning,LinkedIn Learning,https://www.linkedin.com/learning/search?keywords=docker,Intermediate,14,Free,Yes,4.75,89404
Kubernetes,Kubernetes Mastery with Coursera,Coursera,https://www.coursera.org/search?query=kubernetes,Beginner,23,$49,Yes,4.95,47209
Kubernetes,Kubernetes Mastery with Udemy,Udemy,https://www.udemy.com/courses/search/?q=kubernetes,Intermediate,19,$49,No,4.53,64818
Kubernetes,Kubernetes Mastery with LinkedIn Learning,LinkedIn Learning,https://www.linkedin.com/learning/search?keywords=kubernetes,Beginner,38,$29,No,3.91,61660
CI/CD,CI/CD Mastery with Coursera,Coursera,https://www.coursera.org/search?query=ci/cd,Intermediate,13,Free,No,4.2,42691
CI/CD,CI/CD Mastery with Udemy,Udemy,https://www.udemy.com/courses/search/?q=ci/cd,Beginner,5,$29,Yes,4.61,33972
CI/CD,CI/CD Mastery with LinkedIn Learning,LinkedIn Learning,https://www.linkedin.com/learning/search?keywords=ci/cd,Intermediate,25,$49,Yes,4.16,28263
Terraform,Terraform Mastery with Coursera,Coursera,https://www.coursera.org/search?query=terraform,Beginner,10,$49,No,4.81,19096
Terraform,Terraform Mastery with Udemy,Udemy,https://www.udemy.com/courses/search/?q=terraform,Intermediate,32,Free,Yes,4.8,21948
Terraform,Terraform Mastery with LinkedIn Learning,LinkedIn Learning,https://www.linkedin.com/learning/search?keywords=terraform,Advanced,39,$29,No,4.62,57157
AWS,AWS Mastery with Coursera,Coursera,https://www.coursera.org/search?query=aws,Intermediate,25,$49,No,4.52,76938
AWS,AWS Mastery with Udemy,Udemy,https://www.udemy.com/courses/search/?q=aws,Beginner,20,$49,Yes,4.27,14419
AWS,AWS Mastery with LinkedIn Learning,LinkedIn Learning,https://www.linkedin.com/learning/search?keywords=aws,Beginner,16,$29,Yes,3.81,70293
Linux,Linux Mastery with Coursera,Coursera,https://www.coursera.org/search?query=linux,Beginner,31,$49,Yes,3.82,6334
Linux,Linux Mastery with Udemy,Udemy,https://www.udemy.com/courses/search/?q=linux,Intermediate,7,Free,Yes,3.84,70545
Linux,Linux Mastery with LinkedIn Learning,LinkedIn Learning,https://www.linkedin.com/learning/search?keywords=linux,Intermediate,37,Free,Yes,4.67,32185
PyTorch,PyTorch Mastery with Coursera,Coursera,https://www.coursera.org/search?query=pytorch,Beginner,28,$29,Yes,4.25,5118
PyTorch,PyTorch Mastery with Udemy,Udemy,https://www.udemy.com/courses/search/?q=pytorch,Beginner,5,$49,No,4.51,91438
PyTorch,PyTorch Mastery with LinkedIn Learning,LinkedIn Learning,https://www.linkedin.com/learning/search?keywords=pytorch,Intermediate,33,$29,No,4.29,72270
MLflow,MLflow Mastery with Coursera,Coursera,https://www.coursera.org/search?query=mlflow,Advanced,7,$49,Yes,4.26,86340
MLflow,MLflow Mastery with Udemy,Udemy,https://www.udemy.com/courses/search/?q=mlflow,Intermediate,10,$49,Yes,4.85,52938
MLflow,MLflow Mastery with LinkedIn Learning,LinkedIn Learning,https://www.linkedin.com/learning/search?keywords=mlflow,Beginner,28,$49,No,4.62,6238
Model Deployment,Model Deployment Mastery with Coursera,Coursera,https://www.coursera.org/search?query=model-deployment,Beginner,20,$29,Yes,4.73,13538
Model Deployment,Model Deployment Mastery with Udemy,Udemy,https://www.udemy.com/courses/search/?q=model-deployment,Beginner,8,$49,No,4.91,91974
Model Deployment,Model Deployment Mastery with LinkedIn Learning,LinkedIn Learning,https://www.linkedin.com/learning/search?keywords=model-deployment,Advanced,22,$29,No,4.81,94760
Azure,Azure Mastery with Coursera,Coursera,https://www.coursera.org/search?query=azure,Intermediate,18,$29,Yes,4.15,66260
Azure,Azure Mastery with Udemy,Udemy,https://www.udemy.com/courses/search/?q=azure,Beginner,32,$29,No,4.6,29475
Azure,Azure Mastery with LinkedIn Learning,LinkedIn Learning,https://www.linkedin.com/learning/search?keywords=azure,Intermediate,19,Free,No,4.59,96211
CloudFormation,CloudFormation Mastery with Coursera,Coursera,https://www.coursera.org/search?query=cloudformation,Advanced,5,$49,No,4.91,69881
CloudFormation,CloudFormation Mastery with Udemy,Udemy,https://www.udemy.com/courses/search/?q=cloudformation,Beginner,24,Free,No,3.81,62161
CloudFormation,CloudFormation Mastery with LinkedIn Learning,LinkedIn Learning,https://www.linkedin.com/learning/search?keywords=cloudformation,Beginner,19,$29,Yes,4.27,27434
IAM,IAM Mastery with Coursera,Coursera,https://www.coursera.org/search?query=iam,Beginner,20,$49,No,4.35,46414
IAM,IAM Mastery with Udemy,Udemy,https://www.udemy.com/courses/search/?q=iam,Intermediate,16,Free,No,4.05,79960
IAM,IAM Mastery with LinkedIn Learning,LinkedIn Learning,https://www.linkedin.com/learning/search?keywords=iam,Beginner,20,$49,Yes,4.27,8294
Node.js,Node.js Mastery with Coursera,Coursera,https://www.coursera.org/search?query=node.js,Intermediate,21,$49,No,3.98,48754
Node.js,Node.js Mastery with Udemy,Udemy,https://www.udemy.com/courses/search/?q=node.js,Advanced,10,$49,Yes,4.74,85498
Node.js,Node.js Mastery with LinkedIn Learning,LinkedIn Learning,https://www.linkedin.com/learning/search?keywords=node.js,Intermediate,10,$29,No,4.96,68756
MongoDB,MongoDB Mastery with Coursera,Coursera,https://www.coursera.org/search?query=mongodb,Beginner,15,$29,Yes,4.33,70105
MongoDB,MongoDB Mastery with Udemy,Udemy,https://www.udemy.com/courses/search/?q=mongodb,Intermediate,35,Free,No,3.91,27922
MongoDB,MongoDB Mastery with LinkedIn Learning,LinkedIn Learning,https://www.linkedin.com/learning/search?keywords=mongodb,Intermediate,22,Free,No,3.97,52325
Express.js,Express.js Mastery with Coursera,Coursera,https://www.coursera.org/search?query=express.js,Intermediate,36,$49,Yes,4.36,4266
Express.js,Express.js Mastery with Udemy,Udemy,https://www.udemy.com/courses/search/?q=express.js,Advanced,19,$29,Yes,4.61,78420
Express.js,Express.js Mastery with LinkedIn Learning,LinkedIn Learning,https://www.linkedin.com/learning/search?keywords=express.js,Intermediate,38,$49,No,4.94,30839
Kotlin,Kotlin Mastery with Coursera,Coursera,https://www.coursera.org/search?query=kotlin,Advanced,12,Free,No,4.28,94215
Kotlin,Kotlin Mastery with Udemy,Udemy,https://www.udemy.com/courses/search/?q=kotlin,Advanced,17,Free,No,4.59,54838
Kotlin,Kotlin Mastery with LinkedIn Learning,LinkedIn Learning,https://www.linkedin.com/learning/search?keywords=kotlin,Beginner,34,$29,No,4.58,90588
Swift,Swift Mastery with Coursera,Coursera,https://www.coursera.org/search?query=swift,Intermediate,11,$29,Yes,4.03,75401
Swift,Swift Mastery with Udemy,Udemy,https://www.udemy.com/courses/search/?q=swift,Intermediate,35,$49,Yes,4.15,49929
Swift,Swift Mastery with LinkedIn Learning,LinkedIn Learning,https://www.linkedin.com/learning/search?keywords=swift,Advanced,19,Free,Yes,4.95,37901
Flutter,Flutter Mastery with Coursera,Coursera,https://www.coursera.org/search?query=flutter,Advanced,28,Free,Yes,4.07,84638
Flutter,Flutter Mastery with Udemy,Udemy,https://www.udemy.com/courses/search/?q=flutter,Advanced,14,Free,No,4.58,11503
Flutter,Flutter Mastery with LinkedIn Learning,LinkedIn Learning,https://www.linkedin.com/learning/search?keywords=flutter,Beginner,19,$49,Yes,4.05,87789
React Native,React Native Mastery with Coursera,Coursera,https://www.coursera.org/search?query=react-native,Advanced,15,$29,Yes,4.18,87305
React Native,React Native Mastery with Udemy,Udemy,https://www.udemy.com/courses/search/?q=react-native,Advanced,16,Free,Yes,4.34,66401
React Native,React Native Mastery with LinkedIn Learning,LinkedIn Learning,https://www.linkedin.com/learning/search?keywords=react-native,Beginner,25,$29,Yes,4.54,34521
Xcode,Xcode Mastery with Coursera,Coursera,https://www.coursera.org/search?query=xcode,Intermediate,31,$49,No,4.98,77514
Xcode,Xcode Mastery with Udemy,Udemy,https://www.udemy.com/courses/search/?q=xcode,Beginner,17,Free,No,4.71,69476
Xcode,Xcode Mastery with LinkedIn Learning,LinkedIn Learning,https://www.linkedin.com/learning/search?keywords=xcode,Advanced,30,$29,Yes,4.21,11209
Network Security,Network Security Mastery with Coursera,Coursera,https://www.coursera.org/search?query=network-security,Intermediate,25,Free,Yes,4.23,35462
Network Security,Network Security Mastery with Udemy,Udemy,https://www.udemy.com/courses/search/?q=network-security,Intermediate,26,Free,Yes,4.18,30705
Network Security,Network Security Mastery with LinkedIn Learning,LinkedIn Learning,https://www.linkedin.com/learning/search?keywords=network-security,Advanced,15,$49,Yes,4.41,10126
Firewalls,Firewalls Mastery with Coursera,Coursera,https://www.coursera.org/search?query=firewalls,Advanced,24,$29,Yes,4.15,64213
Firewalls,Firewalls Mastery with Udemy,Udemy,https://www.udemy.com/courses/search/?q=firewalls,Beginner,16,Free,Yes,4.74,50624
Firewalls,Firewalls Mastery with LinkedIn Learning,LinkedIn Learning,https://www.linkedin.com/learning/search?keywords=firewalls,Beginner,33,$49,Yes,3.9,37007
SIEM,SIEM Mastery with Coursera,Coursera,https://www.coursera.org/search?query=siem,Advanced,31,Free,Yes,4.67,33761
SIEM,SIEM Mastery with Udemy,Udemy,https://www.udemy.com/courses/search/?q=siem,Advanced,26,$29,No,4.77,96604
SIEM,SIEM Mastery with LinkedIn Learning,LinkedIn Learning,https://www.linkedin.com/learning/search?keywords=siem,Intermediate,40,$49,No,4.85,37453
Threat Analysis,Threat Analysis Mastery with Coursera,Coursera,https://www.coursera.org/search?query=threat-analysis,Beginner,16,Free,Yes,3.81,77402
Threat Analysis,Threat Analysis Mastery with Udemy,Udemy,https://www.udemy.com/courses/search/?q=threat-analysis,Advanced,9,$29,Yes,4.69,9183
Threat Analysis,Threat Analysis Mastery with LinkedIn Learning,LinkedIn Learning,https://www.linkedin.com/learning/search?keywords=threat-analysis,Beginner,12,$29,Yes,4.66,97709
Encryption,Encryption Mastery with Coursera,Coursera,https://www.coursera.org/search?query=encryption,Advanced,38,Free,No,4.71,99693
Encryption,Encryption Mastery with Udemy,Udemy,https://www.udemy.com/courses/search/?q=encryption,Beginner,26,Free,Yes,4.46,46967
Encryption,Encryption Mastery with LinkedIn Learning,LinkedIn Learning,https://www.linkedin.com/learning/search?keywords=encryption,Beginner,37,$49,No,3.97,43075
Figma,Figma Mastery with Coursera,Coursera,https://www.coursera.org/search?query=figma,Beginner,13,Free,No,4.46,47957
Figma,Figma Mastery with Udemy,Udemy,https://www.udemy.com/courses/search/?q=figma,Intermediate,33,$49,No,4.35,55517
Figma,Figma Mastery with LinkedIn Learning,LinkedIn Learning,https://www.linkedin.com/learning/search?keywords=figma,Beginner,18,$49,Yes,3.87,78899
Sketch,Sketch Mastery with Coursera,Coursera,https://www.coursera.org/search?query=sketch,Beginner,38,$49,No,4.83,62848
Sketch,Sketch Mastery with Udemy,Udemy,https://www.udemy.com/courses/search/?q=sketch,Advanced,7,$49,No,4.83,50712
Sketch,Sketch Mastery with LinkedIn Learning,LinkedIn Learning,https://www.linkedin.com/learning/search?keywords=sketch,Intermediate,16,$29,Yes,3.94,91843
Adobe XD,Adobe XD Mastery with Coursera,Coursera,https://www.coursera.org/search?query=adobe-xd,Beginner,29,Free,No,5.0,17999
Adobe XD,Adobe XD Mastery with Udemy,Udemy,https://www.udemy.com/courses/search/?q=adobe-xd,Advanced,27,$49,No,4.94,64298
Adobe XD,Adobe XD Mastery with LinkedIn Learning,LinkedIn Learning,https://www.linkedin.com/learning/search?keywords=adobe-xd,Intermediate,24,Free,Yes,4.02,10394
User Research,User Research Mastery with Coursera,Coursera,https://www.coursera.org/search?query=user-research,Beginner,20,$29,Yes,3.86,63548
User Research,User Research Mastery with Udemy,Udemy,https://www.udemy.com/courses/search/?q=user-research,Intermediate,40,Free,Yes,4.97,56596
User Research,User Research Mastery with LinkedIn Learning,LinkedIn Learning,https://www.linkedin.com/learning/search?keywords=user-research,Intermediate,25,$49,Yes,4.31,16328
Prototyping,Prototyping Mastery with Coursera,Coursera,https://www.coursera.org/search?query=prototyping,Intermediate,27,$49,No,4.71,82892
Prototyping,Prototyping Mastery with Udemy,Udemy,https://www.udemy.com/courses/search/?q=prototyping,Beginner,37,$29,No,3.87,41491
Prototyping,Prototyping Mastery with LinkedIn Learning,LinkedIn Learning,https://www.linkedin.com/learning/search?keywords=prototyping,Intermediate,37,$49,No,3.96,431
Wireframing,Wireframing Mastery with Coursera,Coursera,https://www.coursera.org/search?query=wireframing,Advanced,14,$49,No,3.93,31185
Wireframing,Wireframing Mastery with Udemy,Udemy,https://www.udemy.com/courses/search/?q=wireframing,Intermediate,32,$29,Yes,3.92,64706
Wireframing,Wireframing Mastery with LinkedIn Learning,LinkedIn Learning,https://www.linkedin.com/learning/search?keywords=wireframing,Beginner,29,$29,Yes,3.96,84117
Selenium,Selenium Mastery with Coursera,Coursera,https://www.coursera.org/search?query=selenium,Advanced,12,$49,No,5.0,44274
Selenium,Selenium Mastery with Udemy,Udemy,https://www.udemy.com/courses/search/?q=selenium,Advanced,11,Free,No,4.25,40370
Selenium,Selenium Mastery with LinkedIn Learning,LinkedIn Learning,https://www.linkedin.com/learning/search?keywords=selenium,Beginner,10,$29,No,4.23,47189
Postman,Postman Mastery with Coursera,Coursera,https://www.coursera.org/search?query=postman,Intermediate,17,$29,Yes,4.61,82566
Postman,Postman Mastery with Udemy,Udemy,https://www.udemy.com/courses/search/?q=postman,Intermediate,18,$29,Yes,4.84,56165
Postman,Postman Mastery with LinkedIn Learning,LinkedIn Learning,https://www.linkedin.com/learning/search?keywords=postman,Beginner,28,Free,Yes,3.89,78468
TestNG,TestNG Mastery with Coursera,Coursera,https://www.coursera.org/search?query=testng,Intermediate,35,$29,Yes,4.72,17357
TestNG,TestNG Mastery with Udemy,Udemy,https://www.udemy.com/courses/search/?q=testng,Advanced,11,$29,No,4.94,65741
TestNG,TestNG Mastery with LinkedIn Learning,LinkedIn Learning,https://www.linkedin.com/learning/search?keywords=testng,Advanced,34,Free,Yes,4.9,2546
JUnit,JUnit Mastery with Coursera,Coursera,https://www.coursera.org/search?query=junit,Advanced,6,$49,Yes,4.06,96380
JUnit,JUnit Mastery with Udemy,Udemy,https://www.udemy.com/courses/search/?q=junit,Advanced,21,$49,Yes,3.84,3378
JUnit,JUnit Mastery with LinkedIn Learning,LinkedIn Learning,https://www.linkedin.com/learning/search?keywords=junit,Advanced,35,$49,No,4.68,86380
Automation,Automation Mastery with Coursera,Coursera,https://www.coursera.org/search?query=automation,Advanced,12,Free,Yes,4.0,68023
Automation,Automation Mastery with Udemy,Udemy,https://www.udemy.com/courses/search/?q=automation,Beginner,29,Free,Yes,4.66,8631
Automation,Automation Mastery with LinkedIn Learning,LinkedIn Learning,https://www.linkedin.com/learning/search?keywords=automation,Advanced,10,$49,Yes,4.39,91849
Manual Testing,Manual Testing Mastery with Coursera,Coursera,https://www.coursera.org/search?query=manual-testing,Beginner,16,$49,Yes,4.27,18148
Manual Testing,Manual Testing Mastery with Udemy,Udemy,https://www.udemy.com/courses/search/?q=manual-testing,Intermediate,35,$29,No,4.95,29364
Manual Testing,Manual Testing Mastery with LinkedIn Learning,LinkedIn Learning,https://www.linkedin.com/learning/search?keywords=manual-testing,Beginner,28,$49,No,4.43,68420
Deep Learning,Deep Learning Mastery with Coursera,Coursera,https://www.coursera.org/search?query=deep-learning,Intermediate,5,Free,No,4.01,88435
Deep Learning,Deep Learning Mastery with Udemy,Udemy,https://www.udemy.com/courses/search/?q=deep-learning,Advanced,36,Free,No,4.86,77104
Deep Learning,Deep Learning Mastery with LinkedIn Learning,LinkedIn Learning,https://www.linkedin.com/learning/search?keywords=deep-learning,Beginner,39,$29,Yes,4.14,93053
Neural Networks,Neural Networks Mastery with Coursera,Coursera,https://www.coursera.org/search?query=neural-networks,Advanced,36,$49,No,4.7,7226
Neural Networks,Neural Networks Mastery with Udemy,Udemy,https://www.udemy.com/courses/search/?q=neural-networks,Intermediate,11,$29,Yes,4.05,71485
Neural Networks,Neural Networks Mastery with LinkedIn Learning,LinkedIn Learning,https://www.linkedin.com/learning/search?keywords=neural-networks,Beginner,31,Free,No,4.3,66110
NLP,NLP Mastery with Coursera,Coursera,https://www.coursera.org/search?query=nlp,Intermediate,5,$49,Yes,4.95,50446
NLP,NLP Mastery with Udemy,Udemy,https://www.udemy.com/courses/search/?q=nlp,Advanced,37,$29,Yes,4.07,41327
NLP,NLP Mastery with LinkedIn Learning,LinkedIn Learning,https://www.linkedin.com/learning/search?keywords=nlp,Intermediate,9,$29,Yes,4.33,37455
Computer Vision,Computer Vision Mastery with Coursera,Coursera,https://www.coursera.org/search?query=computer-vision,Beginner,12,$49,No,4.29,92144
Computer Vision,Computer Vision Mastery with Udemy,Udemy,https://www.udemy.com/courses/search/?q=computer-vision,Intermediate,5,Free,Yes,4.53,97664
Computer Vision,Computer Vision Mastery with LinkedIn Learning,LinkedIn Learning,https://www.linkedin.com/learning/search?keywords=computer-vision,Advanced,21,Free,No,4.54,91326
Unity,Unity Mastery with Coursera,Coursera,https://www.coursera.org/search?query=unity,Advanced,16,$29,Yes,3.9,56950
Unity,Unity Mastery with Udemy,Udemy,https://www.udemy.com/courses/search/?q=unity,Intermediate,37,Free,No,4.79,59939
Unity,Unity Mastery with LinkedIn Learning,LinkedIn Learning,https://www.linkedin.com/learning/search?keywords=unity,Advanced,31,Free,No,4.26,72313
C#,C# Mastery with Coursera,Coursera,https://www.coursera.org/search?query=c#,Beginner,18,Free,Yes,3.91,17880
C#,C# Mastery with Udemy,Udemy,https://www.udemy.com/courses/search/?q=c#,Beginner,30,$29,Yes,4.23,2386
C#,C# Mastery with LinkedIn Learning,LinkedIn Learning,https://www.linkedin.com/learning/search?keywords=c#,Advanced,34,$29,No,4.94,76680
Unreal Engine,Unreal Engine Mastery with Coursera,Coursera,https://www.coursera.org/search?query=unreal-engine,Intermediate,38,$49,Yes,4.92,62266
Unreal Engine,Unreal Engine Mastery with Udemy,Udemy,https://www.udemy.com/courses/search/?q=unreal-engine,Advanced,21,$49,No,4.27,95542
Unreal Engine,Unreal Engine Mastery with LinkedIn Learning,LinkedIn Learning,https://www.linkedin.com/learning/search?keywords=unreal-engine,Beginner,39,$29,No,4.59,96390
Blender,Blender Mastery with Coursera,Coursera,https://www.coursera.org/search?query=blender,Intermediate,15,$49,Yes,4.78,5944
Blender,Blender Mastery with Udemy,Udemy,https://www.udemy.com/courses/search/?q=blender,Intermediate,13,Free,No,4.74,16402
Blender,Blender Mastery with LinkedIn Learning,LinkedIn Learning,https://www.linkedin.com/learning/search?keywords=blender,Intermediate,20,$29,Yes,4.55,52955
Game Physics,Game Physics Mastery with Coursera,Coursera,https://www.coursera.org/search?query=game-physics,Beginner,27,Free,Yes,4.93,21747
Game Physics,Game Physics Mastery with Udemy,Udemy,https://www.udemy.com/courses/search/?q=game-physics,Intermediate,10,$29,Yes,4.19,24132
Game Physics,Game Physics Mastery with LinkedIn Learning,LinkedIn Learning,https://www.linkedin.com/learning/search?keywords=game-physics,Advanced,24,Free,No,4.4,4217
3D Modeling,3D Modeling Mastery with Coursera,Coursera,https://www.coursera.org/search?query=3d-modeling,Intermediate,37,Free,No,3.96,2563
3D Modeling,3D Modeling Mastery with Udemy,Udemy,https://www.udemy.com/courses/search/?q=3d-modeling,Beginner,17,$49,Yes,4.1,61502
3D Modeling,3D Modeling Mastery with LinkedIn Learning,LinkedIn Learning,https://www.linkedin.com/learning/search?keywords=3d-modeling,Intermediate,38,Free,Yes,4.42,96524
Oracle,Oracle Mastery with Coursera,Coursera,https://www.coursera.org/search?query=oracle,Beginner,33,$49,Yes,3.8,87686
Oracle,Oracle Mastery with Udemy,Udemy,https://www.udemy.com/courses/search/?q=oracle,Intermediate,40,$29,No,3.84,62878
Oracle,Oracle Mastery with LinkedIn Learning,LinkedIn Learning,https://www.linkedin.com/learning/search?keywords=oracle,Advanced,6,Free,No,3.83,95396
Backup & Recovery,Backup & Recovery Mastery with Coursera,Coursera,https://www.coursera.org/search?query=backup-&-recovery,Intermediate,5,$49,Yes,4.61,2535
Backup & Recovery,Backup & Recovery Mastery with Udemy,Udemy,https://www.udemy.com/courses/search/?q=backup-&-recovery,Beginner,14,$29,No,4.62,59809
Backup & Recovery,Backup & Recovery Mastery with LinkedIn Learning,LinkedIn Learning,https://www.linkedin.com/learning/search?keywords=backup-&-recovery,Intermediate,14,$29,No,4.74,7349
Performance Tuning,Performance Tuning Mastery with Coursera,Coursera,https://www.coursera.org/search?query=performance-tuning,Advanced,38,$29,Yes,4.32,54028
Performance Tuning,Performance Tuning Mastery with Udemy,Udemy,https://www.udemy.com/courses/search/?q=performance-tuning,Intermediate,19,$29,No,4.41,11858
Performance Tuning,Performance Tuning Mastery with LinkedIn Learning,LinkedIn Learning,https://www.linkedin.com/learning/search?keywords=performance-tuning,Advanced,17,$29,No,4.39,86212
MySQL,MySQL Mastery with Coursera,Coursera,https://www.coursera.org/search?query=mysql,Advanced,28,$29,Yes,4.41,50776
MySQL,MySQL Mastery with Udemy,Udemy,https://www.udemy.com/courses/search/?q=mysql,Intermediate,9,$49,No,4.31,65041
MySQL,MySQL Mastery with LinkedIn Learning,LinkedIn Learning,https://www.linkedin.com/learning/search?keywords=mysql,Advanced,35,$49,No,4.49,50132
Excel,Excel Mastery with Coursera,Coursera,https://www.coursera.org/search?query=excel,Advanced,5,$29,No,4.4,17988
Excel,Excel Mastery with Udemy,Udemy,https://www.udemy.com/courses/search/?q=excel,Advanced,35,Free,No,4.41,60489
Excel,Excel Mastery with LinkedIn Learning,LinkedIn Learning,https://www.linkedin.com/learning/search?keywords=excel,Intermediate,16,$49,Yes,4.07,82772
Power BI,Power BI Mastery with Coursera,Coursera,https://www.coursera.org/search?query=power-bi,Beginner,38,Free,Yes,4.02,97892
Power BI,Power BI Mastery with Udemy,Udemy,https://www.udemy.com/courses/search/?q=power-bi,Beginner,15,$49,Yes,3.8,34957
Power BI,Power BI Mastery with LinkedIn Learning,LinkedIn Learning,https://www.linkedin.com/learning/search?keywords=power-bi,Intermediate,17,Free,No,4.15,62852
Tableau,Tableau Mastery with Coursera,Coursera,https://www.coursera.org/search?query=tableau,Beginner,22,$49,No,4.36,14573
Tableau,Tableau Mastery with Udemy,Udemy,https://www.udemy.com/courses/search/?q=tableau,Beginner,13,Free,No,4.05,30268
Tableau,Tableau Mastery with LinkedIn Learning,LinkedIn Learning,https://www.linkedin.com/learning/search?keywords=tableau,Intermediate,12,$49,Yes,4.16,25013
Business Strategy,Business Strategy Mastery with Coursera,Coursera,https://www.coursera.org/search?query=business-strategy,Beginner,33,$49,No,4.3,84360
Business Strategy,Business Strategy Mastery with Udemy,Udemy,https://www.udemy.com/courses/search/?q=business-strategy,Intermediate,37,Free,Yes,4.47,62806
Business Strategy,Business Strategy Mastery with LinkedIn Learning,LinkedIn Learning,https://www.linkedin.com/learning/search?keywords=business-strategy,Advanced,33,$49,Yes,4.07,3558
Stakeholder Management,Stakeholder Management Mastery with Coursera,Coursera,https://www.coursera.org/search?query=stakeholder-management,Intermediate,33,Free,No,4.45,88681
Stakeholder Management,Stakeholder Management Mastery with Udemy,Udemy,https://www.udemy.com/courses/search/?q=stakeholder-management,Beginner,11,$29,No,4.42,25461
Stakeholder Management,Stakeholder Management Mastery with LinkedIn Learning,LinkedIn Learning,https://www.linkedin.com/learning/search?keywords=stakeholder-management,Beginner,40,$49,No,4.98,57697
Agile,Agile Mastery with Coursera,Coursera,https://www.coursera.org/search?query=agile,Beginner,24,$49,Yes,4.33,15440
Agile,Agile Mastery with Udemy,Udemy,https://www.udemy.com/courses/search/?q=agile,Intermediate,35,$49,No,4.06,71450
Agile,Agile Mastery with LinkedIn Learning,LinkedIn Learning,https://www.linkedin.com/learning/search?keywords=agile,Intermediate,16,Free,Yes,4.28,40047
Scrum,Scrum Mastery with Coursera,Coursera,https://www.coursera.org/search?query=scrum,Intermediate,31,$29,No,4.57,50835
Scrum,Scrum Mastery with Udemy,Udemy,https://www.udemy.com/courses/search/?q=scrum,Beginner,25,Free,No,4.68,29819
Scrum,Scrum Mastery with LinkedIn Learning,LinkedIn Learning,https://www.linkedin.com/learning/search?keywords=scrum,Advanced,19,Free,Yes,3.92,54712
Jira,Jira Mastery with Coursera,Coursera,https://www.coursera.org/search?query=jira,Advanced,34,$29,Yes,4.19,23746
Jira,Jira Mastery with Udemy,Udemy,https://www.udemy.com/courses/search/?q=jira,Advanced,24,Free,Yes,3.97,84219
Jira,Jira Mastery with LinkedIn Learning,LinkedIn Learning,https://www.linkedin.com/learning/search?keywords=jira,Advanced,14,$29,No,4.05,32822
Team Facilitation,Team Facilitation Mastery with Coursera,Coursera,https://www.coursera.org/search?query=team-facilitation,Beginner,26,$49,No,4.26,37205
Team Facilitation,Team Facilitation Mastery with Udemy,Udemy,https://www.udemy.com/courses/search/?q=team-facilitation,Advanced,8,$29,Yes,4.2,62189
Team Facilitation,Team Facilitation Mastery with LinkedIn Learning,LinkedIn Learning,https://www.linkedin.com/learning/search?keywords=team-facilitation,Beginner,21,$29,Yes,4.69,27051
Sprint Planning,Sprint Planning Mastery with Coursera,Coursera,https://www.coursera.org/search?query=sprint-planning,Intermediate,22,Free,No,4.6,50133
Sprint Planning,Sprint Planning Mastery with Udemy,Udemy,https://www.udemy.com/courses/search/?q=sprint-planning,Beginner,28,$49,Yes,4.49,80687
Sprint Planning,Sprint Planning Mastery with LinkedIn Learning,LinkedIn Learning,https://www.linkedin.com/learning/search?keywords=sprint-planning,Beginner,33,$49,No,4.8,78241
Retrospectives,Retrospectives Mastery with Coursera,Coursera,https://www.coursera.org/search?query=retrospectives,Intermediate,20,Free,Yes,4.5,3351
Retrospectives,Retrospectives Mastery with Udemy,Udemy,https://www.udemy.com/courses/search/?q=retrospectives,Intermediate,33,$29,No,4.94,45167
Retrospectives,Retrospectives Mastery with LinkedIn Learning,LinkedIn Learning,https://www.linkedin.com/learning/search?keywords=retrospectives,Advanced,33,$29,No,3.85,90559
Roadmapping,Roadmapping Mastery with Coursera,Coursera,https://www.coursera.org/search?query=roadmapping,Beginner,15,$29,Yes,4.48,36991
Roadmapping,Roadmapping Mastery with Udemy,Udemy,https://www.udemy.com/courses/search/?q=roadmapping,Advanced,27,Free,No,3.97,54998
Roadmapping,Roadmapping Mastery with LinkedIn Learning,LinkedIn Learning,https://www.linkedin.com/learning/search?keywords=roadmapping,Advanced,6,Free,No,4.05,61294
User Stories,User Stories Mastery with Coursera,Coursera,https://www.coursera.org/search?query=user-stories,Intermediate,18,$49,No,4.19,71397
User Stories,User Stories Mastery with Udemy,Udemy,https://www.udemy.com/courses/search/?q=user-stories,Advanced,17,Free,Yes,4.81,36394
User Stories,User Stories Mastery with LinkedIn Learning,LinkedIn Learning,https://www.linkedin.com/learning/search?keywords=user-stories,Beginner,20,$49,No,4.8,25999
Stakeholder Communication,Stakeholder Communication Mastery with Coursera,Coursera,https://www.coursera.org/search?query=stakeholder-communication,Intermediate,33,$49,Yes,4.09,51777
Stakeholder Communication,Stakeholder Communication Mastery with Udemy,Udemy,https://www.udemy.com/courses/search/?q=stakeholder-communication,Beginner,20,Free,Yes,4.37,82037
Stakeholder Communication,Stakeholder Communication Mastery with LinkedIn Learning,LinkedIn Learning,https://www.linkedin.com/learning/search?keywords=stakeholder-communication,Intermediate,29,$49,No,4.9,76546
Analytics,Analytics Mastery with Coursera,Coursera,https://www.coursera.org/search?query=analytics,Advanced,32,$29,Yes,4.01,39990
Analytics,Analytics Mastery with Udemy,Udemy,https://www.udemy.com/courses/search/?q=analytics,Intermediate,24,$29,No,4.21,5452
Analytics,Analytics Mastery with LinkedIn Learning,LinkedIn Learning,https://www.linkedin.com/learning/search?keywords=analytics,Intermediate,11,$29,No,4.13,7413
MVP,MVP Mastery with Coursera,Coursera,https://www.coursera.org/search?query=mvp,Intermediate,22,Free,Yes,4.31,22994
MVP,MVP Mastery with Udemy,Udemy,https://www.udemy.com/courses/search/?q=mvp,Beginner,16,$49,No,4.66,17855
MVP,MVP Mastery with LinkedIn Learning,LinkedIn Learning,https://www.linkedin.com/learning/search?keywords=mvp,Advanced,21,$29,Yes,4.9,95821
Solidity,Solidity Mastery with Coursera,Coursera,https://www.coursera.org/search?query=solidity,Advanced,13,Free,Yes,4.43,70380
Solidity,Solidity Mastery with Udemy,Udemy,https://www.udemy.com/courses/search/?q=solidity,Intermediate,15,$29,Yes,3.82,71113
Solidity,Solidity Mastery with LinkedIn Learning,LinkedIn Learning,https://www.linkedin.com/learning/search?keywords=solidity,Intermediate,6,Free,No,4.47,90601
Ethereum,Ethereum Mastery with Coursera,Coursera,https://www.coursera.org/search?query=ethereum,Advanced,40,Free,No,4.53,92299
Ethereum,Ethereum Mastery with Udemy,Udemy,https://www.udemy.com/courses/search/?q=ethereum,Intermediate,15,Free,Yes,4.03,15191
Ethereum,Ethereum Mastery with LinkedIn Learning,LinkedIn Learning,https://www.linkedin.com/learning/search?keywords=ethereum,Intermediate,27,$29,No,4.86,42485
Smart Contracts,Smart Contracts Mastery with Coursera,Coursera,https://www.coursera.org/search?query=smart-contracts,Intermediate,29,$49,Yes,4.47,25090
Smart Contracts,Smart Contracts Mastery with Udemy,Udemy,https://www.udemy.com/courses/search/?q=smart-contracts,Advanced,36,$49,Yes,4.37,96608
Smart Contracts,Smart Contracts Mastery with LinkedIn Learning,LinkedIn Learning,https://www.linkedin.com/learning/search?keywords=smart-contracts,Intermediate,17,Free,No,4.17,75955
Web3.js,Web3.js Mastery with Coursera,Coursera,https://www.coursera.org/search?query=web3.js,Intermediate,37,$29,No,4.32,12200
Web3.js,Web3.js Mastery with Udemy,Udemy,https://www.udemy.com/courses/search/?q=web3.js,Intermediate,21,$29,No,3.95,40650
Web3.js,Web3.js Mastery with LinkedIn Learning,LinkedIn Learning,https://www.linkedin.com/learning/search?keywords=web3.js,Intermediate,36,$29,No,4.33,85058
Crypto Wallets,Crypto Wallets Mastery with Coursera,Coursera,https://www.coursera.org/search?query=crypto-wallets,Intermediate,30,$49,No,4.91,51521
Crypto Wallets,Crypto Wallets Mastery with Udemy,Udemy,https://www.udemy.com/courses/search/?q=crypto-wallets,Advanced,17,$29,No,4.27,52893
Crypto Wallets,Crypto Wallets Mastery with LinkedIn Learning,LinkedIn Learning,https://www.linkedin.com/learning/search?keywords=crypto-wallets,Intermediate,6,$49,Yes,4.69,42239
Truffle,Truffle Mastery with Coursera,Coursera,https://www.coursera.org/search?query=truffle,Beginner,28,$29,Yes,4.91,42209
Truffle,Truffle Mastery with Udemy,Udemy,https://www.udemy.com/courses/search/?q=truffle,Advanced,35,Free,No,3.87,8680
Truffle,Truffle Mastery with LinkedIn Learning,LinkedIn Learning,https://www.linkedin.com/learning/search?keywords=truffle,Beginner,23,$29,Yes,3.83,16985
Monitoring,Monitoring Mastery with Coursera,Coursera,https://www.coursera.org/search?query=monitoring,Beginner,33,$49,No,4.24,91922
Monitoring,Monitoring Mastery with Udemy,Udemy,https://www.udemy.com/courses/search/?q=monitoring,Advanced,19,Free,No,4.47,61526
Monitoring,Monitoring Mastery with LinkedIn Learning,LinkedIn Learning,https://www.linkedin.com/learning/search?keywords=monitoring,Intermediate,24,$29,Yes,4.88,94450
Incident Management,Incident Management Mastery with Coursera,Coursera,https://www.coursera.org/search?query=incident-management,Advanced,7,Free,Yes,4.17,44468
Incident Management,Incident Management Mastery with Udemy,Udemy,https://www.udemy.com/courses/search/?q=incident-management,Intermediate,22,$49,Yes,3.81,71138
Incident Management,Incident Management Mastery with LinkedIn Learning,LinkedIn Learning,https://www.linkedin.com/learning/search?keywords=incident-management,Beginner,27,$49,No,4.39,78000
SLAs,SLAs Mastery with Coursera,Coursera,https://www.coursera.org/search?query=slas,Intermediate,20,$49,No,4.7,5213
SLAs,SLAs Mastery with Udemy,Udemy,https://www.udemy.com/courses/search/?q=slas,Advanced,29,$29,No,4.41,74881
SLAs,SLAs Mastery with LinkedIn Learning,LinkedIn Learning,https://www.linkedin.com/learning/search?keywords=slas,Advanced,26,$29,Yes,4.22,77710
Prometheus,Prometheus Mastery with Coursera,Coursera,https://www.coursera.org/search?query=prometheus,Advanced,18,Free,No,4.12,57480
Prometheus,Prometheus Mastery with Udemy,Udemy,https://www.udemy.com/courses/search/?q=prometheus,Beginner,34,$49,Yes,4.78,51419
Prometheus,Prometheus Mastery with LinkedIn Learning,LinkedIn Learning,https://www.linkedin.com/learning/search?keywords=prometheus,Intermediate,14,$29,Yes,4.45,12828
Grafana,Grafana Mastery with Coursera,Coursera,https://www.coursera.org/search?query=grafana,Intermediate,33,$49,No,3.88,15431
Grafana,Grafana Mastery with Udemy,Udemy,https://www.udemy.com/courses/search/?q=grafana,Beginner,23,$49,Yes,4.56,76816
Grafana,Grafana Mastery with LinkedIn Learning,LinkedIn Learning,https://www.linkedin.com/learning/search?keywords=grafana,Advanced,5,$49,No,4.79,90253
